epoch,lr,step,train_loss,val_loss
0.0,0.00019999999494757503,735,69.15077209472656,54.40693664550781
