epoch,lr,step,train_loss,val_loss
0.0,0.00019999999494757503,735,69.15077209472656,54.40693664550781
1.0,0.00019999999494757503,1471,56.052215576171875,50.03089141845703
2.0,0.00019999999494757503,2207,53.43511199951172,50.03330993652344
3.0,0.00019999999494757503,2943,52.47036361694336,49.1629753112793
